2026-07-31T19:44:31+0800	0	START	l2p_cars_B0_Inc10
2026-07-31T19:49:49+0800	0	START	l2p_cars_B0_Inc10
2026-07-31T19:50:53+0800	0	START	l2p_cars_B0_Inc10
2026-07-31T20:02:16+0800	0	DONE	l2p_cars_B0_Inc10
2026-07-31T20:02:16+0800	0	START	coda_prompt_aircraft_B0_Inc10
2026-07-31T20:18:25+0800	0	DONE	coda_prompt_aircraft_B0_Inc10
2026-07-31T20:18:25+0800	0	START	simplecil_cars_B0_Inc10
2026-07-31T20:20:50+0800	0	DONE	simplecil_cars_B0_Inc10
2026-07-31T20:20:50+0800	0	START	rapf_aircraft_B0_Inc10
2026-07-31T20:31:36+0800	0	DONE	rapf_aircraft_B0_Inc10
2026-07-31T20:31:36+0800	0	START	engine_cars_B0_Inc10
2026-07-31T21:00:16+0800	0	DONE	engine_cars_B0_Inc10
2026-07-31T21:00:16+0800	0	START	CLG-CBM_cars_B0_Inc10
2026-07-31T21:30:12+0800	0	DONE	CLG-CBM_cars_B0_Inc10
